source,subject,activity,distanceKm,durationMin,hrAvg,hrMax,stress,steps,paceStepsPerMin,distanceVsHistory,stepsVsHistory,stressVsHistory,hrVsHistory,historyCount,daysSincePrevious,nextHrAvg
UCI_PAMAP2_RAW,subject101,lying,0.0,0.9998333333333335,98.721,107.0,23.988400000000002,0,0.0,0.0,0.0,0.0,0.0,0,0,88.23825
UCI_PAMAP2_RAW,subject101,lying,0.0,0.9998333333333335,88.23825,91.0,15.795299999999997,0,0.0,0.0,0.0,-8.193100000000005,-10.48275000000001,1,0,83.49975
UCI_PAMAP2_RAW,subject101,lying,0.0,0.9998333333333335,83.49975,91.0,13.899900000000002,0,0.0,0.0,0.0,-5.991949999999996,-9.979874999999993,2,0,82.47125
UCI_PAMAP2_RAW,subject101,sitting,0.0,0.9998333333333335,94.68283333333333,109.0,22.873133333333335,0,0.0,0.0,0.0,6.205108333333335,6.4502708333333345,4,0,87.53716666666666
UCI_PAMAP2_RAW,subject101,sitting,0.0,0.9998333333333335,87.53716666666666,93.0,16.014866666666666,0,0.0,0.0,0.0,-1.8941799999999986,-1.9854500000000002,5,0,90.08410606060606
UCI_PAMAP2_RAW,subject101,sitting,0.0,0.9998333333333335,90.08410606060606,98.0,18.283642424242426,0,0.0,0.0,0.0,0.6902924242424291,0.8923977272727228,6,0,92.5495189117452
UCI_PAMAP2_RAW,subject101,standing,0.0,0.9998333333333335,106.54816666666666,112.0,28.369266666666665,0,0.0,0.0,0.0,10.5738229180491,16.825182295122758,8,0,103.47266666666667
UCI_PAMAP2_RAW,subject101,standing,0.0,0.9998333333333335,103.47266666666667,112.0,27.13906666666667,0,0.0,0.0,0.0,8.168753704932534,11.880217595664675,9,0,101.17975
UCI_PAMAP2_RAW,subject101,ironing,0.0,0.9998333333333335,100.57316666666667,106.0,24.479266666666668,0,0.0,0.0,0.0,4.288922728278134,7.029125002513524,11,0,96.01858333333334
UCI_PAMAP2_RAW,subject101,ironing,0.0,0.9998333333333335,96.01858333333334,98.0,20.657433333333337,0,0.0,0.0,0.0,0.10967916758829332,1.888781252304085,12,0,99.57675
UCI_PAMAP2_RAW,subject101,ironing,0.0,0.9998333333333335,99.57675,102.0,23.080700000000004,0,0.0,0.0,0.0,2.524508975209706,5.301657053408903,13,0,102.08154336559673
UCI_PAMAP2_RAW,subject101,vacuum_cleaning,0.0468,0.9998333333333335,117.89417647058823,130.0,37.4076705882353,117,117.0,0.46799999999999997,2.34,16.40200544562858,22.74520969250284,15,0,135.65541666666667
UCI_PAMAP2_RAW,subject101,vacuum_cleaning,0.0492,0.9998333333333335,135.65541666666667,140.0,47.012166666666666,123,123.0,0.46275,2.31375,24.981376183708157,39.08487428279983,16,0,134.55516666666668
UCI_PAMAP2_RAW,subject101,vacuum_cleaning,0.05,0.9998333333333335,134.55516666666668,140.0,46.57206666666667,125,125.0,0.44352941176470584,2.217647058823529,23.07178346701945,35.685514030870436,17,0,133.43020980908048
UCI_PAMAP2_RAW,subject101,walking,0.09075,0.9998333333333372,119.42166666666667,123.0,36.26866666666666,121,121.0,0.7003043478260869,1.68,5.760050537657641,10.533225235874696,23,0,119.4675
UCI_PAMAP2_RAW,subject101,walking,0.10575,0.9998333333333372,119.4675,123.0,36.287,141,141.0,0.8211249999999999,2.01,5.538381765255242,10.140174184379916,24,0,119.20225
UCI_PAMAP2_RAW,subject101,nordic_walking,0.0885,0.9998333333333297,128.81864102564103,145.0,45.52745641025641,118,118.0,0.5857499999999999,1.396153846153846,14.366504962799713,18.721503734299418,26,0,145.67083333333332
UCI_PAMAP2_RAW,subject101,nordic_walking,0.108,0.9998333333333297,145.67083333333332,147.0,52.76833333333333,144,144.0,0.7590555555555556,1.8358862144420132,21.075289109476643,34.88030701479542,27,0,144.42616666666666
UCI_PAMAP2_RAW,subject101,cycling,0.0,0.9998333333333297,122.85616666666667,127.0,38.64246666666667,0,0.0,-0.3717413793103448,-1.0,5.521742734110447,9.703021473545192,29,0,127.45016666666666
UCI_PAMAP2_RAW,subject101,cycling,0.0,0.9998333333333297,127.45016666666666,133.0,41.980066666666666,0,0.0,-0.35935,-1.0,8.675284642973423,13.97358742442701,30,0,128.329
UCI_PAMAP2_RAW,subject101,cycling,0.0,0.9998333333333297,128.329,135.0,42.8316,0,0.0,-0.34775806451612895,-1.0,9.24697008459794,14.401659873101423,31,0,130.4669058295964
UCI_PAMAP2_RAW,subject101,running,0.09075,0.9998333333333297,141.50425,159.0,54.10170000000001,121,121.0,0.5808181818181818,1.4156079854809436,19.938309402748416,26.639296976865097,33,0,164.17175
UCI_PAMAP2_RAW,subject101,running,0.111,0.9998333333333297,164.17175,171.0,66.1687,148,148.0,0.766235294117647,1.8365276211950392,31.418888537961692,48.52328824225141,34,0,171.613
UCI_PAMAP2_RAW,subject101,rope_jumping,0.07725,0.9998333333333297,149.26983333333334,175.0,61.20793333333334,103,103.0,0.3859583333333333,0.7904394012554321,24.61605861918605,30.718931951015193,36,0,180.20416666666668
UCI_PAMAP2_RAW,subject102,lying,0.0,0.9998333333333332,85.87616666666666,96.0,16.100466666666666,0,0.0,0.0,0.0,0.0,0.0,0,0,79.68505249125145
UCI_PAMAP2_RAW,subject102,lying,0.0,0.9999999999999998,79.68505249125145,81.0,9.874020996500581,0,0.0,0.0,0.0,-6.226445670166084,-6.191114175415208,1,0,75.71928654775796
UCI_PAMAP2_RAW,subject102,lying,0.0,0.9996666666666665,75.71928654775796,79.0,7.787714619103184,0,0.0,0.0,0.0,-5.199529212480439,-7.061323031201098,2,0,76.68852056476365
UCI_PAMAP2_RAW,subject102,sitting,0.0,0.9998333333333326,87.47863888888888,94.0,16.241455555555554,0,0.0,0.0,0.0,5.324761261844914,7.986382321278953,4,0,76.7545
UCI_PAMAP2_RAW,subject102,sitting,0.0,0.9998333333333326,76.7545,80.0,8.451799999999999,0,0.0,0.0,0.0,-3.5298465460796233,-4.335033031865734,5,0,77.56532244625896
UCI_PAMAP2_RAW,subject102,standing,0.0,0.9998333333333335,88.39434523809523,94.0,16.60773809523809,0,0.0,0.0,0.0,5.58828642253785,8.427561294439855,7,0,87.61075
UCI_PAMAP2_RAW,subject102,standing,0.0,0.9998333333333335,87.61075,90.0,15.294299999999998,0,0.0,0.0,0.0,3.5763125244825247,6.590520894539651,8,0,91.31433333333334
UCI_PAMAP2_RAW,subject102,standing,0.0,0.9998333333333335,91.31433333333334,93.0,17.525733333333335,0,0.0,0.0,0.0,5.410377799540026,9.561824128479685,9,0,89.74275
UCI_PAMAP2_RAW,subject102,ironing,0.0,0.9998333333333335,94.75005303030302,107.0,22.40002121212121,0,0.0,0.0,0.0,9.33538183598729,11.401901559665191,11,0,87.35660723212798
UCI_PAMAP2_RAW,subject102,ironing,0.0,0.9999999999999981,87.35660723212798,91.0,15.442642892851195,0,0.0,0.0,0.0,1.6000550303850005,3.0582972981847263,12,0,90.35616666666667
UCI_PAMAP2_RAW,subject102,ironing,0.0,0.9998333333333335,90.35616666666667,92.0,16.892466666666667,0,0.0,0.0,0.0,2.926797648017013,5.822603094401501,13,0,86.05191666666667
UCI_PAMAP2_RAW,subject102,ironing,0.0,0.9998333333333335,86.05191666666667,89.0,14.420766666666669,0,0.0,0.0,0.0,0.24604067315865485,1.102452873372826,14,0,87.29232766277242
UCI_PAMAP2_RAW,subject102,vacuum_cleaning,0.048,0.9998333333333335,102.2582888888889,107.0,25.40331555555556,120,120.0,0.48,2.4,11.165782536333406,17.093492799166853,16,0,104.45575
UCI_PAMAP2_RAW,subject102,vacuum_cleaning,0.053200000000000004,0.9998333333333335,104.45575,108.0,26.5323,133,133.0,0.503764705882353,2.5188235294117645,11.637956243346467,18.285454333856364,17,0,96.81166666666667
UCI_PAMAP2_RAW,subject102,walking,0.0795,0.9998333333333372,122.07058333333333,127.0,38.32823333333334,106,106.0,0.5942173913043478,1.4295652173913043,17.80486061878818,28.269462623574995,23,0,122.99583333333334
UCI_PAMAP2_RAW,subject102,walking,0.08475,0.9998333333333372,122.99583333333334,125.0,38.19833333333334,113,113.0,0.6219583333333334,1.51,16.933091426338674,28.01681834759269,24,0,120.95816666666667
UCI_PAMAP2_RAW,subject102,walking,0.0855,0.9998333333333372,120.95816666666667,122.0,36.63326666666667,114,114.0,0.6045800000000001,1.4695999999999998,14.690701102618458,24.85847894702232,25,0,121.96616666666667
UCI_PAMAP2_RAW,subject102,walking,0.0825,0.9998333333333372,121.96616666666667,123.0,37.28646666666667,110,110.0,0.5513269230769231,1.3330769230769233,14.77887413713313,24.910383602906066,26,0,125.47833333333334
UCI_PAMAP2_RAW,subject102,nordic_walking,0.08625,0.9998333333333372,122.10095833333334,127.0,38.340383333333335,115,115.0,0.5489107142857141,1.3364285714285713,14.682340270195049,23.140427631269915,28,0,128.22733333333332
UCI_PAMAP2_RAW,subject102,nordic_walking,0.093,0.9998333333333372,128.22733333333332,132.0,42.04093333333333,124,124.0,0.5974827586206897,1.4562841530054644,17.876602674671073,28.46885685088128,29,0,127.64783333333334
UCI_PAMAP2_RAW,subject102,nordic_walking,0.0975,0.9998333333333372,127.64783333333334,132.0,41.809133333333335,130,130.0,0.6225666666666667,1.455919395465995,17.048915918848714,26.94039495585193,30,0,124.423
UCI_PAMAP2_RAW,subject102,nordic_walking,0.09,0.9998333333333372,124.423,126.0,39.019200000000005,120,120.0,0.5274838709677419,1.1653084982537834,13.709017555875104,22.84651662394272,31,0,126.33176511587385
UCI_PAMAP2_RAW,subject102,cycling,0.0,0.9998333333333372,119.85333333333334,124.0,36.69133333333333,0,0.0,-0.40562121212121216,-1.0,10.512013278356921,16.83437121898035,33,0,116.25116666666666
UCI_PAMAP2_RAW,subject102,cycling,0.0,0.9998333333333372,116.25116666666666,120.0,34.25046666666667,0,0.0,-0.3936911764705882,-1.0,7.761969750562113,12.737075987049536,34,0,118.63783333333333
UCI_PAMAP2_RAW,subject102,cycling,0.0,0.9998333333333372,118.63783333333333,121.0,35.455133333333336,0,0.0,-0.38244285714285714,-1.0,8.744865852927006,14.759826196943365,35,0,122.96616666666667
UCI_PAMAP2_RAW,subject102,rope_jumping,0.0885,0.9998333333333449,134.78226831785344,157.78947368421052,51.110275748194006,118,118.0,0.5045263157894736,1.1291547958214625,23.364226655617024,29.451175974882176,38,0,172.68028070175438
UCI_PAMAP2_RAW,subject103,lying,0.0,0.999833333333333,80.643,91.0,12.757200000000001,0,0.0,0.0,0.0,0.0,0.0,0,0,70.73166666666667
UCI_PAMAP2_RAW,subject103,lying,0.0,0.9998333333333335,70.73166666666667,73.0,4.292666666666667,0,0.0,0.0,0.0,-8.464533333333334,-9.911333333333332,1,0,70.465
UCI_PAMAP2_RAW,subject103,sitting,0.0,0.9998333333333335,78.01720175438597,81.0,9.206880701754386,0,0.0,0.0,0.0,1.878258479532164,4.070646198830417,3,0,75.211
UCI_PAMAP2_RAW,subject103,sitting,0.0,0.9998333333333335,75.211,78.0,7.3344,0,0.0,0.0,0.0,-0.46378684210526355,0.2467828947368389,4,0,74.60866666666666
UCI_PAMAP2_RAW,subject103,sitting,0.0,0.9998333333333335,74.60866666666666,77.0,6.843466666666666,0,0.0,0.0,0.0,-0.8619628070175445,-0.40490701754386293,5,0,74.36
UCI_PAMAP2_RAW,subject103,standing,0.0,0.9998333333333335,84.255,94.0,14.951999999999998,0,0.0,0.0,0.0,7.435626566416039,9.392637844611514,7,0,86.8815
UCI_PAMAP2_RAW,subject103,standing,0.0,0.9998333333333335,86.8815,94.0,16.0026,0,0.0,0.0,0.0,7.5567732456140355,10.845058114035098,8,0,83.20866666666667
UCI_PAMAP2_RAW,subject103,ironing,0.0,0.9998333333333335,86.93116666666667,91.0,15.272466666666668,0,0.0,0.0,0.0,5.487198596491229,9.092996491228078,10,0,83.99683333333333
UCI_PAMAP2_RAW,subject103,ironing,0.0,0.9998333333333335,83.99683333333333,86.0,12.848733333333332,0,0.0,0.0,0.0,2.5646290271132344,5.332027113237643,11,0,83.79458333333334
UCI_PAMAP2_RAW,subject103,ironing,0.0,0.9998333333333335,83.79458333333334,89.0,13.517833333333334,0,0.0,0.0,0.0,3.020009941520467,4.6854415204678475,12,0,83.275
UCI_PAMAP2_RAW,subject103,vacuum_cleaning,0.0516,0.9998333333333335,87.46923529411765,97.0,16.98769411764706,129,129.0,0.516,2.58,6.091143115140792,7.727857787851988,14,0,96.407
UCI_PAMAP2_RAW,subject103,vacuum_cleaning,0.05280000000000001,0.9998333333333335,96.407,100.0,21.3128,132,132.0,0.49360000000000004,2.468,10.010172789817679,16.15043197454419,15,0,96.64208333333333
UCI_PAMAP2_RAW,subject103,walking,0.09225,0.9998333333333297,115.1767205882353,127.23529411764706,35.62951176470588,123,123.0,0.7311666666666666,1.7733333333333332,17.17662238870248,24.788544767274416,21,0,119.5205
UCI_PAMAP2_RAW,subject103,walking,0.09375,0.9998333333333297,119.5205,121.0,35.8082,125,125.0,0.7129318181818181,1.7327272727272724,16.57455506087376,28.005572144162997,22,0,119.56491666666666
UCI_PAMAP2_RAW,subject103,walking,0.09375,0.9998333333333297,119.56491666666666,121.0,35.82596666666666,125,125.0,0.6819347826086956,1.6573913043478263,15.871688898806777,26.83235523934431,23,0,118.98508333333334
UCI_PAMAP2_RAW,subject103,walking,0.09075,0.9998333333333297,118.98508333333334,120.0,35.344033333333336,121,121.0,0.6235208333333332,1.508333333333333,14.728435194689837,25.13450710437165,24,0,120.083895949166
UCI_PAMAP2_RAW,subject104,lying,0.0,0.9998333333333335,91.81166666666667,115.0,23.224666666666668,0,0.0,0.0,0.0,0.0,0.0,0,0,72.25033333333333
UCI_PAMAP2_RAW,subject104,lying,0.0,0.9998333333333335,72.25033333333333,80.0,6.650133333333332,0,0.0,0.0,0.0,-16.574533333333335,-19.561333333333337,1,0,70.57066666666667
UCI_PAMAP2_RAW,subject104,lying,0.0,0.9998333333333335,70.57066666666667,76.0,4.978266666666667,0,0.0,0.0,0.0,-9.959133333333334,-11.460333333333338,2,0,61.776897166633645
UCI_PAMAP2_RAW,subject104,sitting,0.0,0.9998333333333335,92.29483333333333,113.0,22.917933333333334,0,0.0,0.0,0.0,12.089476950003302,18.19244237500824,4,0,79.41633333333333
UCI_PAMAP2_RAW,subject104,sitting,0.0,0.9998333333333335,79.41633333333333,82.0,10.016533333333332,0,0.0,0.0,0.0,-3.229818439997361,1.6754539000065876,5,0,84.09166666666667
UCI_PAMAP2_RAW,subject104,sitting,0.0,0.9998333333333335,84.09166666666667,91.0,14.136666666666668,0,0.0,0.0,0.0,1.4286179666688703,6.071544916672167,6,0,78.16633333333333
UCI_PAMAP2_RAW,subject104,standing,0.0,0.9998333333333335,101.22575,112.0,26.2403,0,0.0,0.0,0.0,13.690113475001652,22.42840868750413,8,0,99.2415
UCI_PAMAP2_RAW,subject104,standing,0.0,0.9998333333333335,99.2415,104.0,23.4466,0,0.0,0.0,0.0,9.375289755557024,17.95211327778145,9,0,102.48216666666667
UCI_PAMAP2_RAW,subject104,standing,0.0,0.9998333333333335,102.48216666666667,107.0,25.492866666666668,0,0.0,0.0,0.0,10.484027446667987,19.397568616669986,10,0,101.106
UCI_PAMAP2_RAW,subject104,ironing,0.0,0.9998333333333335,107.78658333333334,116.0,29.864633333333337,0,0.0,0.0,0.0,13.19599509444555,21.58373773611389,12,0,106.86141666666667
UCI_PAMAP2_RAW,subject104,ironing,0.0,0.9998333333333335,106.86141666666667,109.0,27.744566666666667,0,0.0,0.0,0.0,10.060851882052301,18.998283551284615,13,0,106.79236793867689
UCI_PAMAP2_RAW,subject104,ironing,0.0,0.9999999999999981,106.79236793867689,114.0,28.966947175470757,0,0.0,0.0,0.0,10.56460011356694,17.572214569631655,14,0,110.95881818181817
UCI_PAMAP2_RAW,subject104,vacuum_cleaning,0.0512,0.9998333333333335,107.1504090909091,111.0,28.360163636363637,128,128.0,0.512,2.56,8.408080304185418,15.473325760463553,16,0,110.8790909090909
UCI_PAMAP2_RAW,subject104,vacuum_cleaning,0.0468,0.9998333333333335,110.8790909090909,121.0,32.35163636363636,117,117.0,0.43788235294117644,2.1894117647058824,11.904960072388413,18.291811945676926,17,0,115.43033333333334
UCI_PAMAP2_RAW,subject104,walking,0.087,0.9998333333333372,111.86058333333334,128.5,34.61923333333334,116,116.0,0.6825869565217391,1.6652173913043478,8.539497699013282,11.21207544957926,23,0,113.25941666666667
UCI_PAMAP2_RAW,subject104,walking,0.1005,0.9998333333333372,113.25941666666667,118.0,32.55376666666667,134,134.0,0.7891458333333334,1.955833333333333,6.1182186282210544,12.143738972513418,24,0,112.55458333333333
UCI_PAMAP2_RAW,subject104,walking,0.09975,0.9998333333333372,112.55458333333333,116.0,31.77183333333333,133,133.0,0.75008,1.8576,5.091556549758874,10.953156080279541,25,0,111.84283333333333
UCI_PAMAP2_RAW,subject104,walking,0.10425,0.9998333333333372,111.84283333333333,116.0,31.487133333333333,139,139.0,0.7662307692307692,1.906153846153846,4.611027451691228,9.820130846422629,26,0,109.56125
UCI_PAMAP2_RAW,subject104,nordic_walking,0.0885,0.9998333333333372,121.61969444444443,127.0,38.14787777777777,118,118.0,0.5572142857142857,1.3566333808844508,11.0017925543482,18.977039158979736,28,0,131.98983333333334
UCI_PAMAP2_RAW,subject104,nordic_walking,0.09075,0.9998333333333372,131.98983333333334,139.0,45.29593333333334,121,121.0,0.5604999999999999,1.308552631578947,17.77047595285727,28.692797387214156,29,0,122.32291666666667
UCI_PAMAP2_RAW,subject104,nordic_walking,0.08775,0.9998333333333372,122.32291666666667,125.0,37.929166666666674,117,117.0,0.5118166666666666,1.1389396709323583,9.811360087762033,18.069454140973676,30,0,125.94558333333333
UCI_PAMAP2_RAW,subject104,cycling,0.0,0.9998333333333372,118.45633333333333,134.0,38.632533333333335,0,0.0,-0.39814062499999997,-1.0,9.824983415610237,12.960321590496179,32,0,134.87
UCI_PAMAP2_RAW,subject104,cycling,0.0,0.9998333333333372,134.87,137.0,45.948,0,0.0,-0.38607575757575757,-1.0,16.842723312106898,28.981251239269014,33,0,130.77041666666668
UCI_PAMAP2_RAW,subject105,lying,0.0,0.9998333333333335,84.78566666666667,98.0,16.16426666666667,0,0.0,0.0,0.0,0.0,0.0,0,0,72.60466666666666
UCI_PAMAP2_RAW,subject105,lying,0.0,0.9998333333333335,72.60466666666666,75.0,5.541866666666664,0,0.0,0.0,0.0,-10.622400000000006,-12.181000000000012,1,0,74.97416666666666
UCI_PAMAP2_RAW,subject105,lying,0.0,0.9998333333333335,74.97416666666666,79.0,7.489666666666665,0,0.0,0.0,0.0,-3.363400000000002,-3.7210000000000036,2,0,73.56659062993508
UCI_PAMAP2_RAW,subject105,sitting,0.0,0.9998333333333335,83.26925,90.0,13.5577,0,0.0,0.0,0.0,4.183340937006493,6.7864773425162355,4,0,78.86083333333333
UCI_PAMAP2_RAW,subject105,sitting,0.0,0.9998333333333335,78.86083333333333,82.0,9.794333333333332,0,0.0,0.0,0.0,-0.4166939170614743,1.0207652073463152,5,0,79.34
UCI_PAMAP2_RAW,subject105,sitting,0.0,0.9998333333333335,79.34,82.0,9.986000000000002,0,0.0,0.0,0.0,-0.15557826421789223,1.329804339455265,6,0,78.46033333333334
UCI_PAMAP2_RAW,subject105,standing,0.0,0.9998333333333335,92.87033333333333,101.0,20.148133333333334,0,0.0,0.0,0.0,10.120682968503246,14.637644921258115,8,0,88.92216666666667
UCI_PAMAP2_RAW,subject105,standing,0.0,0.9998333333333335,88.92216666666667,96.0,17.31886666666667,0,0.0,0.0,0.0,6.166895972002887,9.063073263340556,9,0,89.83
UCI_PAMAP2_RAW,subject105,ironing,0.0,0.9998333333333335,89.06283333333333,93.0,16.62513333333333,0,0.0,0.0,0.0,4.341623977093267,7.4733781245513455,11,0,88.62533333333333
UCI_PAMAP2_RAW,subject105,ironing,0.0,0.9998333333333335,88.62533333333333,91.0,15.950133333333332,0,0.0,0.0,0.0,3.3048219790021616,6.413096614172076,12,0,88.65633333333334
UCI_PAMAP2_RAW,subject105,ironing,0.0,0.9998333333333335,88.65633333333334,93.0,16.462533333333333,0,0.0,0.0,0.0,3.5630049036943046,5.950781490004985,13,0,93.62066666666666
UCI_PAMAP2_RAW,subject105,ironing,0.0,0.9998333333333335,93.62066666666666,99.0,19.948266666666665,0,0.0,0.0,0.0,6.794237886763758,10.490059002623681,14,0,88.7055
UCI_PAMAP2_RAW,subject105,vacuum_cleaning,0.054,0.9998333333333335,91.26114393939395,100.0,19.25445757575758,135,135.0,0.5399999999999999,2.7,5.48340322667587,7.12647681668966,16,0,95.19825
UCI_PAMAP2_RAW,subject105,vacuum_cleaning,0.054400000000000004,0.9998333333333335,95.19825,101.0,21.0793,136,136.0,0.512235294117647,2.561176470588235,6.985692519937356,10.644378358666899,17,0,96.47491666666667
UCI_PAMAP2_RAW,subject105,vacuum_cleaning,0.054,0.9998333333333335,96.47491666666667,101.0,21.58996666666667,135,135.0,0.47977777777777775,2.398888888888889,7.108265157718616,11.329690672074307,18,0,96.81691666666667
UCI_PAMAP2_RAW,subject105,walking,0.09,0.9998333333333372,109.46046794871796,116.0,30.534187179487187,120,120.0,0.6959791666666666,1.653333333333333,11.039883990385107,17.560647475962753,24,0,112.08941666666666
UCI_PAMAP2_RAW,subject105,walking,0.087,0.9998333333333372,112.08941666666666,116.0,31.585766666666668,116,116.0,0.6381399999999999,1.5072,11.649868117949183,19.487170294872953,25,0,110.77016666666667
UCI_PAMAP2_RAW,subject105,walking,0.09675,0.9998333333333372,110.77016666666667,113.0,30.30806666666667,129,129.0,0.7110961538461538,1.709230769230769,9.924096267258832,17.41841374507014,26,0,113.06008333333334
UCI_PAMAP2_RAW,subject105,walking,0.09525,0.9998333333333372,113.06008333333334,114.0,31.474033333333338,127,127.0,0.6697592592592592,1.6059259259259262,10.722503812915914,19.063203976734215,27,0,113.49433333333333
UCI_PAMAP2_RAW,subject105,nordic_walking,0.0915,0.9998333333333372,111.4205,120.0,32.318200000000004,122,122.0,0.588396551724138,1.3492695883134131,10.795335733864242,16.093942782936452,29,0,124.7335
UCI_PAMAP2_RAW,subject105,nordic_walking,0.09825,0.9998333333333372,124.7335,133.0,40.8934,131,131.0,0.6362833333333334,1.414004914004914,19.010691209402093,28.87047802350523,30,0,128.99783333333335
UCI_PAMAP2_RAW,subject105,nordic_walking,0.096,0.9998333333333372,128.99783333333335,131.0,42.09913333333334,128,128.0,0.5932580645161291,1.2558271745309835,19.603176439206333,32.20350561414486,31,0,129.55354545454546
UCI_PAMAP2_RAW,subject105,cycling,0.0,0.9998333333333372,116.11901960784313,122.0,34.69760784313725,0,0.0,-0.40201515151515144,-1.0,11.006843745164865,17.356124514427307,33,0,119.78175
UCI_PAMAP2_RAW,subject105,cycling,0.0,0.9998333333333372,119.78175,122.0,36.1627,0,0.0,-0.3901911764705882,-1.0,12.148205203640416,20.508380656159844,34,0,128.7565
UCI_PAMAP2_RAW,subject105,cycling,0.0,0.9998333333333372,128.7565,136.0,43.252599999999994,0,0.0,-0.37904285714285707,-1.0,18.89101362639354,28.897176923126693,35,0,135.18966666666665
UCI_PAMAP2_RAW,subject105,running,0.10425,0.9998333333333372,128.1800357142857,151.0,46.772014285714285,139,139.0,0.6839459459459459,1.5561630218687872,21.26569023860908,26.584833704630782,37,0,159.66183333333333
UCI_PAMAP2_RAW,subject105,running,0.11775,0.9998333333333372,159.66183333333333,167.0,63.364733333333334,157,157.0,0.8009473684210525,1.7735936773593677,37.29878585889631,57.367030436714444,38,0,166.50391666666667
UCI_PAMAP2_RAW,subject105,running,0.11925,0.9998333333333372,166.50391666666667,168.0,66.35156666666667,159,159.0,0.7954102564102563,1.686741767764298,39.32924006764256,62.7381642716705,39,0,168.49733333333333
UCI_PAMAP2_RAW,subject106,lying,0.0,0.9998333333333332,89.36791666666667,104.0,19.497166666666672,0,0.0,0.0,0.0,0.0,0.0,0,0,65.7845
UCI_PAMAP2_RAW,subject106,lying,0.0,0.999833333333333,65.7845,71.0,1.8137999999999979,0,0.0,0.0,0.0,-17.683366666666675,-23.58341666666668,1,0,62.32084848484849
UCI_PAMAP2_RAW,subject106,lying,0.0,0.999833333333333,62.32084848484849,65.0,0.0,0,0.0,0.0,0.0,-10.655483333333335,-15.25535984848485,2,0,65.96271705822267
UCI_PAMAP2_RAW,subject106,sitting,0.0,0.9998333333333335,79.71783333333333,91.0,12.387133333333333,0,0.0,0.0,0.0,6.0568699608443985,8.858837780898867,4,0,74.99475
UCI_PAMAP2_RAW,subject106,sitting,0.0,0.9998333333333335,74.99475,79.0,7.497899999999999,0,0.0,0.0,0.0,-0.04373736465781519,2.363986891385764,5,0,73.37275
UCI_PAMAP2_RAW,subject106,sitting,0.0,0.9998333333333335,73.37275,78.0,6.599099999999999,0,0.0,0.0,0.0,-0.9352478038815129,0.34798907615480346,6,0,80.40983931759571
UCI_PAMAP2_RAW,subject106,standing,0.0,0.9998333333333335,83.45648484848485,92.0,14.13259393939394,0,0.0,0.0,0.0,6.292703620603022,9.465090490901488,8,0,80.63526515151516
UCI_PAMAP2_RAW,subject106,standing,0.0,0.9998333333333335,80.63526515151516,83.0,10.754106060606063,0,0.0,0.0,0.0,2.2150264506370316,5.592194072720517,9,0,87.40475
UCI_PAMAP2_RAW,subject106,standing,0.0,0.9998333333333335,87.40475,92.0,15.711900000000004,0,0.0,0.0,0.0,6.95131774496727,11.802459513933329,10,0,87.44091666666667
UCI_PAMAP2_RAW,subject106,ironing,0.0,0.9998333333333335,87.74833333333333,95.0,16.599333333333334,0,0.0,0.0,0.0,6.574825898583834,10.175952372722207,12,0,87.88125
UCI_PAMAP2_RAW,subject106,ironing,0.0,0.9998333333333335,87.88125,92.0,15.902499999999998,0,0.0,0.0,0.0,5.372236726897896,9.526103472256395,13,0,89.82519580069989
UCI_PAMAP2_RAW,subject106,ironing,0.0,0.9999999999999981,89.82519580069989,94.0,17.180078320279957,0,0.0,0.0,0.0,6.266083852399433,10.789613310652257,14,0,86.12725
UCI_PAMAP2_RAW,subject106,ironing,0.0,0.9998333333333335,86.12725,89.0,14.450900000000003,0,0.0,0.0,0.0,3.1191666086261822,6.372359955908891,15,0,88.31983333333334
UCI_PAMAP2_RAW,subject106,ironing,0.0,0.9998333333333335,88.31983333333334,97.0,17.327933333333334,0,0.0,0.0,0.0,5.801252028920377,8.166670791997916,16,0,85.22733333333333
UCI_PAMAP2_RAW,subject106,vacuum_cleaning,0.0516,0.9998333333333335,87.61593614718615,101.63636363636364,18.205465367965367,129,129.0,0.516,2.58,6.214033838116812,6.72717129562875,18,0,102.26549242424242
UCI_PAMAP2_RAW,subject106,vacuum_cleaning,0.0516,0.9998333333333335,102.26549242424242,105.0,24.90619696969697,129,129.0,0.48884210526315786,2.4442105263157896,12.587711027315953,21.02266592554666,19,0,104.61075
UCI_PAMAP2_RAW,subject106,walking,0.07275,0.9998333333333297,100.32370454545455,130.54545454545453,30.515845454545452,97,97.0,0.5468199999999999,1.3152000000000001,11.812572969185752,10.1320425395145,25,0,97.07761904761905
UCI_PAMAP2_RAW,subject106,walking,0.07725,0.9998333333333297,97.07761904761905,99.0,21.33104761904762,103,103.0,0.5707884615384615,1.3846153846153846,2.173445404103852,6.496263097851525,26,0,95.62263095238094
UCI_PAMAP2_RAW,subject106,walking,0.0795,0.9998333333333297,95.62263095238094,100.0,20.999052380952378,106,106.0,0.5721481481481481,1.393333333333333,1.7609521880788357,4.800672665655952,27,0,95.13983333333333
UCI_PAMAP2_RAW,subject106,nordic_walking,0.09,0.9998333333333297,100.54413888888888,109.0,25.217655555555552,120,120.0,0.6369137931034482,1.5751724137931036,5.8820110410082656,9.407747922430644,29,0,110.68075
UCI_PAMAP2_RAW,subject106,nordic_walking,0.09375,0.9998333333333297,110.68075,116.0,31.0223,125,125.0,0.6531833333333333,1.6226666666666665,11.490588450752437,19.230767436127422,30,0,114.21266666666666
UCI_PAMAP2_RAW,subject106,nordic_walking,0.0945,0.9998333333333297,114.21266666666666,116.0,32.43506666666667,126,126.0,0.6396129032258064,1.5903225806451613,12.53269097384645,22.14233676614481,31,0,111.416
UCI_PAMAP2_RAW,subject106,cycling,0.0,0.9998333333333297,111.34129487179487,134.0,35.78651794871795,0,0.0,-0.34392424242424235,-1.0,15.181211489806024,18.01375264201171,33,0,135.5355
UCI_PAMAP2_RAW,subject106,cycling,0.0,0.9998333333333297,135.5355,139.0,46.714200000000005,0,0.0,-0.33380882352941177,-0.9952941176470589,25.662387320799667,41.67814151604003,34,0,135.846
UCI_PAMAP2_RAW,subject106,running,0.10425,0.9998333333333297,131.56670833333334,157.0,49.62668333333334,139,139.0,0.7272361111111111,1.84,27.14573246964413,35.385272542926685,36,0,165.728
UCI_PAMAP2_RAW,subject106,running,0.1215,0.9998333333333297,165.728,171.0,66.7912,162,162.0,0.8800810810810811,2.25027027027027,43.57658069118528,68.59020549221695,37,0,173.98116666666667
UCI_PAMAP2_RAW,subject106,running,0.12375,0.9998333333333297,173.98116666666667,176.0,71.34246666666667,165,165.0,0.879421052631579,2.1460110386352236,46.9810952343997,75.03836675119369,38,0,174.52047668393783
UCI_PAMAP2_RAW,subject107,lying,0.0,0.9998333333333335,75.84166666666667,88.0,10.086666666666668,0,0.0,0.0,0.0,0.0,0.0,0,0,62.185
UCI_PAMAP2_RAW,subject107,lying,0.0,0.9998333333333335,62.185,69.0,0.0,0,0.0,0.0,0.0,-10.086666666666668,-13.656666666666666,1,0,61.92092984502583
UCI_PAMAP2_RAW,subject107,lying,0.0,0.9999999999999996,61.92092984502583,66.0,0.0,0,0.0,0.0,0.0,-5.043333333333334,-7.092403488307504,2,0,63.72533333333333
UCI_PAMAP2_RAW,subject107,sitting,0.0,0.9998333333333335,72.46475,84.0,7.735899999999998,0,0.0,0.0,0.0,4.966699999999998,6.546517538743544,4,0,70.89125
UCI_PAMAP2_RAW,subject107,standing,0.0,0.9998333333333335,75.85816666666666,83.0,8.843266666666665,0,0.0,0.0,0.0,4.773399999999998,8.0200116924957,6,0,73.45725
UCI_PAMAP2_RAW,subject107,standing,0.0,0.9998333333333335,73.45725,78.0,6.632900000000001,0,0.0,0.0,0.0,1.8811190476190482,4.473379069758224,7,0,75.23866666666666
UCI_PAMAP2_RAW,subject107,standing,0.0,0.9998333333333335,75.23866666666666,80.0,7.845466666666664,0,0.0,0.0,0.0,2.8585458333333316,5.695623352705098,8,0,72.80183333333333
UCI_PAMAP2_RAW,subject107,ironing,0.0,0.9998333333333335,84.12466666666667,94.0,14.899866666666668,0,0.0,0.0,0.0,9.538710000000002,13.686182015497423,10,0,80.42433333333334
UCI_PAMAP2_RAW,subject107,ironing,0.0,0.9998333333333335,80.42433333333334,85.0,11.169733333333335,0,0.0,0.0,0.0,4.941421212121214,8.741650317118868,11,0,75.03266666666667
UCI_PAMAP2_RAW,subject107,ironing,0.0,0.9998333333333335,75.03266666666667,79.0,7.513066666666669,0,0.0,0.0,0.0,0.872969444444446,2.621512790692293,12,0,76.91083333333333
UCI_PAMAP2_RAW,subject107,ironing,0.0,0.9998333333333335,76.91083333333333,83.0,9.264333333333333,0,0.0,0.0,0.0,2.557084615384614,4.2980246273056935,13,0,75.63863126629084
UCI_PAMAP2_RAW,subject107,vacuum_cleaning,0.05280000000000001,0.9998333333333335,89.10794444444446,101.0,18.643177777777783,132,132.0,0.528,2.64,11.578909832898916,16.006879259245565,15,0,98.44866666666667
UCI_PAMAP2_RAW,subject107,vacuum_cleaning,0.05040000000000001,0.9998333333333335,98.44866666666667,104.0,23.12946666666667,126,126.0,0.4710000000000001,2.355,15.341516857231621,24.347171527764942,16,0,94.55754545454545
UCI_PAMAP2_RAW,subject107,walking,0.08025,0.9998333333333297,96.4675,102.0,21.837,107,107.0,0.5863181818181818,1.3963636363636363,7.4429271206128575,12.85766809783263,22,0,103.21033333333334
UCI_PAMAP2_RAW,subject107,walking,0.087,0.9998333333333297,103.21033333333334,106.0,25.534133333333337,116,116.0,0.6283260869565216,1.5156521739130435,10.816454926963027,19.04147238343411,23,0,99.6085
UCI_PAMAP2_RAW,subject107,walking,0.08775,0.9998333333333297,99.6085,104.0,23.593400000000003,117,117.0,0.6096458333333332,1.4725,8.425035971672898,14.646244367457683,24,0,100.04616666666666
UCI_PAMAP2_RAW,subject107,walking,0.08625,0.9998333333333297,100.04616666666666,104.0,23.768466666666665,115,115.0,0.5702599999999999,1.3736000000000002,8.263101199472645,14.498061259426052,25,0,103.47716666666666
UCI_PAMAP2_RAW,subject107,nordic_walking,0.081,0.9998333333333372,105.02316666666667,117.0,29.00926666666667,108,108.0,0.4749629629629629,1.097841726618705,12.813212221733934,18.274056721690798,27,0,121.19266666666667
UCI_PAMAP2_RAW,subject107,nordic_walking,0.087,0.9998333333333372,121.19266666666667,128.0,38.227066666666666,116,116.0,0.5179999999999999,1.1682242990654206,21.573397499529147,33.790911838773255,28,0,134.069
UCI_PAMAP2_RAW,subject107,nordic_walking,0.0945,0.9998333333333372,134.069,137.0,45.627599999999994,126,126.0,0.5751379310344827,1.2639405204460965,28.230020574258024,45.502041315597154,29,0,136.4225
UCI_PAMAP2_RAW,subject107,cycling,0.0,0.9998333333333297,120.47758333333333,132.0,38.94103333333334,0,0.0,-0.40575806451612895,-1.0,19.659536451187623,28.899089725343572,31,0,121.71116666666667
UCI_PAMAP2_RAW,subject107,cycling,0.0,0.9998333333333297,121.71116666666667,128.0,38.434466666666665,0,0.0,-0.39307812499999994,-1.0,18.538609270421336,29.229576504759933,32,0,119.26708333333333
UCI_PAMAP2_RAW,subject108,lying,0.0,0.9998333333333332,80.15658333333333,91.0,12.562633333333332,0,0.0,0.0,0.0,0.0,0.0,0,0,70.58616666666667
UCI_PAMAP2_RAW,subject108,lying,0.0,0.9998333333333332,70.58616666666667,72.0,3.9844666666666684,0,0.0,0.0,0.0,-8.578166666666664,-9.57041666666666,1,0,73.04941666666667
UCI_PAMAP2_RAW,subject108,lying,0.0,0.999833333333333,73.04941666666667,75.0,5.719766666666669,0,0.0,0.0,0.0,-2.553783333333331,-2.3219583333333276,2,0,70.58383333333333
UCI_PAMAP2_RAW,subject108,sitting,0.0,0.9998333333333326,84.48616666666666,98.0,16.044466666666665,0,0.0,0.0,0.0,9.419366666666665,10.892166666666668,4,0,72.2635
UCI_PAMAP2_RAW,subject108,sitting,0.0,0.9998333333333326,72.2635,79.0,6.4053999999999975,0,0.0,0.0,0.0,-2.103573333333336,-3.5089333333333457,5,0,72.6715
UCI_PAMAP2_RAW,subject108,sitting,0.0,0.9998333333333335,72.6715,79.0,6.568599999999998,0,0.0,0.0,0.0,-1.5897777777777797,-2.5161111111111154,6,0,75.76559008734512
UCI_PAMAP2_RAW,subject108,standing,0.0,0.9998333333333335,84.49816666666666,99.0,16.299266666666668,0,0.0,0.0,0.0,8.35237882896608,9.552822072415196,8,0,77.07233333333333
UCI_PAMAP2_RAW,subject108,standing,0.0,0.9998333333333335,77.07233333333333,80.0,8.578933333333334,0,0.0,0.0,0.0,-0.29599659647459653,1.0655640643690703,9,0,80.576
UCI_PAMAP2_RAW,subject108,standing,0.0,0.9998333333333335,80.576,85.0,11.230399999999998,0,0.0,0.0,0.0,2.385069729839527,4.462674324598822,10,0,86.54508333333334
UCI_PAMAP2_RAW,subject108,ironing,0.0,0.9998333333333335,93.9314090909091,97.0,19.57256363636364,0,0.0,0.0,0.0,9.964085633452136,16.576880750297022,12,0,83.6115909090909
UCI_PAMAP2_RAW,subject108,ironing,0.0,0.9998333333333335,83.6115909090909,92.27272727272727,14.26281818181818,0,0.0,0.0,0.0,3.887872053256512,4.9819178953790555,13,0,89.42866666666667
UCI_PAMAP2_RAW,subject108,ironing,0.0,0.9998333333333335,89.42866666666667,93.0,16.77146666666667,0,0.0,0.0,0.0,6.118815391443821,10.44314237471346,14,0,88.22666666666667
UCI_PAMAP2_RAW,subject108,ironing,0.0,0.9998333333333335,88.22666666666667,94.0,16.54066666666667,0,0.0,0.0,0.0,5.480094365347568,8.544932883065897,15,0,88.5975
UCI_PAMAP2_RAW,subject108,vacuum_cleaning,0.0516,0.9998333333333335,95.6415,103.0,21.7566,129,129.0,0.516,2.58,10.057291106679223,14.93266626937185,17,0,108.80083333333333
UCI_PAMAP2_RAW,subject108,vacuum_cleaning,0.056400000000000006,0.9998333333333335,108.80083333333333,114.0,29.770333333333333,141,141.0,0.5353333333333333,2.6766666666666667,17.512286045197044,27.262407032184527,18,0,108.52316666666667
UCI_PAMAP2_RAW,subject108,vacuum_cleaning,0.0496,0.9998333333333335,108.52316666666667,116.0,30.159266666666667,124,124.0,0.439157894736842,2.1957894736842105,16.97952011299369,25.549876837508165,19,0,113.40991666666666
UCI_PAMAP2_RAW,subject108,walking,0.0885,0.9998333333333297,113.859,122.0,33.7936,118,118.0,0.7036199999999999,1.6792000000000002,12.832539853195367,19.85691781480662,25,0,119.99383333333333
UCI_PAMAP2_RAW,subject108,walking,0.08775,0.9998333333333297,119.99383333333333,123.0,36.49753333333333,117,117.0,0.6690576923076922,1.5946153846153845,15.042913961405802,25.228023539878166,26,0,121.68233333333333
UCI_PAMAP2_RAW,subject108,walking,0.0915,0.9998333333333297,121.68233333333333,124.0,37.42293333333333,122,122.0,0.6817777777777778,1.6355555555555554,15.41116899987226,25.98215229766045,27,0,120.73891666666667
UCI_PAMAP2_RAW,subject108,walking,0.0885,0.9998333333333297,120.73891666666667,124.0,37.04556666666667,118,118.0,0.6274285714285712,1.4971428571428573,14.483403440353015,24.110801620363063,28,0,123.72966666666666
UCI_PAMAP2_RAW,subject108,cycling,0.0,0.9998333333333297,121.04983333333334,130.0,38.66993333333334,0,0.0,-0.2989,-0.9613333333333334,15.093999877662817,22.714639845672195,30,0,130.71543333333332
UCI_PAMAP2_RAW,subject108,cycling,0.0,0.9998333333333297,130.71543333333332,133.0,43.28617333333333,0,0.0,-0.289258064516129,-0.9303225806451613,19.223336655802715,31.647509528069847,31,0,128.89165
UCI_PAMAP2_RAW,subject108,cycling,0.0,0.9998333333333297,128.89165,134.0,42.80666,0,0.0,-0.28021875,-0.90125,18.143094051975552,28.83474152198434,32,0,119.855
UCI_PAMAP2_RAW,subject108,nordic_walking,0.093,0.9998333333333372,112.03358333333334,119.0,32.313433333333336,124,124.0,0.6662647058823529,1.631764705882353,6.75511655872209,10.54629741284802,34,0,122.51716666666667
UCI_PAMAP2_RAW,subject108,nordic_walking,0.1035,0.9998333333333372,122.51716666666667,126.0,38.25686666666667,138,138.0,0.7522285714285712,1.8651428571428574,12.50554656180622,20.72855796295711,35,0,123.22016666666667
UCI_PAMAP2_RAW,subject108,nordic_walking,0.102,0.9998333333333372,123.22016666666667,124.0,38.03806666666667,136,136.0,0.7163333333333333,1.7733333333333332,11.939370268422717,20.855764686208317,36,0,126.15401515151515
UCI_PAMAP2_RAW,subject108,nordic_walking,0.10725,0.9998333333333372,126.15401515151515,129.0,40.461606060606066,143,143.0,0.7494729729729729,1.8654054054054054,14.040223979431769,23.22594385521333,37,0,125.6744904032138
UCI_PAMAP2_RAW,subject108,running,0.0975,0.9998333333333297,136.86516666666665,166.0,53.996066666666664,130,130.0,0.6210384615384615,1.4293243890752276,26.85959130191434,32.75831683287444,39,0,177.43225
